title,writer,value,rating,platform
Good Vibes Good Life ใช้คลื่นพลังบวกดึงดูดพลังสุข,เว็กซ์ คิงส์/กิษรา รัตนาภิรัต คุโด,168.0,1,MEB
Atomic Habits เพราะชีวิตดีได้กว่าที่เป็น,James Clear (เจมส์ เคลียร์),242.0,1,MEB
Good Vibes Good Life ใช้คลื่นพลังบวกดึงดูดพลังสุข (หนังสือเสียง),เว็กซ์ คิงส์/กิษรา รัตนาภิรัต คุโด,209.0,1,MEB
Into the Magic shop เราทุกคนล้วนมีร้านเวทมนตร์อยู่ในใจ,"ดร.เจมส์ อาร์. โดตี(James R. Doty, M.D.)",135.0,1,MEB
Atomic Habits เพราะชีวิตดีได้กว่าที่เป็น (หนังสือเสียง),"James Clear (เจมส์ เคลียร์) เขียน, ประพาฬรัตน์ ยงมานิตชัย แปล",285.0,1,MEB
At Your Best เป็นคุณแบบที่ดีที่สุด,Carey Nieuwhof/ศรรวริศา เมฆไพบูลย์,192.0,1,MEB
ซ่อมแซมสุขที่สึกหรอ Emotional First Aid,กาย วินช์ / Biblio,296.0,1,MEB
วิธีเป็นคน 1% ที่หาเงินเก่งที่สุด,เฌอมาณย์ รัตนพงศ์ตระกูล / Amarin How to,133.0,1,MEB
สกิลขั้นเทพของนักบริหารเวลาที่รู้ใจสมอง,ชิอน คาบาซาวะ/พนิดา กวยรักษา,172.0,1,MEB
Tiny Habits เปลี่ยนน้อยนิด พิชิตทุกเป้าหมาย,ดร.บีเจ ฟ็อกก์/พอหทัย อภิรัชฎาพร,237.0,1,MEB
วิธีอยู่ร่วมกับหัวหน้าทุกสไตล์ (และเข้าได้กับลูกน้องทุกแบบ),Thomas Erikson/ประเวศ หงส์จรรยา,273.0,1,MEB
สำเร็จสบายสบาย เพราะเรียนรู้ไวแบบคนขี้เกียจ,นะโอะยุกิ ฮนดะ/กมลวรรณ เพ็ญอร่าม,133.0,1,MEB
Rethink เพราะชีวิตคือการคิดหลายชั้น,ศาสตราจารย์ ดร.นภดล ร่มโพธิ์,216.0,1,MEB
NOISE จุดด้อยของการตัดสินโดยมนุษย์,"แดเนียล คาห์เนมาน, โอลิวิเยร์ ซิโบนี, แคส อาร์. ซันสไตน์/มันตา คลังบุญครอง",269.0,1,MEB
คนรวยทำงานเร็ว (ฉ.เปลี่ยนปก),โกะโด โทคิโอะ/กิษรา รัตนาภิรัต คุโด,164.0,1,MEB
คิดให้รวย ฉบับอัปเดต ย่อยง่าย กระชับที่สุด,Napoleon Hill/มันตา คลังบุญครอง,131.0,1,MEB
The Invisible Leader ผู้นำล่องหน,นครินทร์ วนกิจไพบูลย์ / บริษัท เดอะสแตนดาร์ด จำกัด,490.0,1,MEB
What Happened to You? แค่เข้าใจก็ไม่เจ็บแล้ว,"BRUCE D. PERRY, M.D., Ph.D. และ OPRAH WINFREY/ วุฒิชัย กฤษณะประกรกิจ",255.0,1,MEB
สมองแห่งความสำเร็จของนักจัดระเบียบความคิด,พกจูฮวัน/สุมาลี สูนจันทร์ / Amarin How to,192.0,1,MEB
เพราะเป็นวัยรุ่นจึงเจ็บปวด (หนังสือเสียง),คิมรันโด/วิทิยา จันทร์พันธ์ / Springbooks,183.0,1,MEB
คนเล่าเห็นภาพ คนฟังเห็นด้วย The Pop-up Pitch,แดน โรม/สุวิชชา จันทร / Amarin How to,192.0,1,MEB
ศิลปะการอยู่ร่วมกับคนเฮงซวย,โรเบิร์ต ไอ. ซัตตัน/ไอริสา ชั้นศิริ,159.0,1,MEB
รวยมาตั้งแต่จิตใต้สำนึก,เคลลี ชเว/วาสนา จันทะทัง / Amarin How to,159.0,1,MEB
เริ่มให้ได้ แล้วมันจะง่ายกว่าที่คิด,โทโยคาซึ สึรุตะ/ณิชยา รักเกียรติงาม,133.0,1,MEB
ใช้สมองพลังบวกเอาชนะอารมณ์ลบ,อูโบย็อง/อาสยา อภิชนางกูร / Amarin How to,171.0,1,MEB
ออกแบบชีวิตด้วยเทคนิคปฏิทิน 100 ปี,โอสุมิ ริกิ/นิพดา เขียวอุไร / Amarin How to,204.0,1,MEB
เดอะเมจิก,รอนดา เบิร์น/อรดี สุวรรณโกมล,161.0,1,MEB
เขียนให้คนยอมใจ ได้ผลตามที่คิด,Mentalist DaiGo/รัตนาภรณ์ วานิชย์หานนท์,168.0,1,MEB
เทคนิคการอ่านให้เอามาใช้งานได้เลย,Mentalist DaiGo/ธาลินี โพธิ์อุบล,133.0,1,MEB
"สู่จุดสูงสุดของชีวิตด้วย ""พีระมิดสามสุข""",ชิอน คาบาซาวะ/นิพดา เขียวอุไร,243.0,1,MEB
พลังพลิกชีวิตของกิจวัตรยามเย็น,รยูฮันบิน/อาสยา อภิชนางกูร / Amarin How to,161.0,1,MEB
สิ่งมหัศจรรย์ที่เกิดขึ้นเมื่อฉันลองตื่นก่อนโลก,คิมยูจิน/ภัททิรา จิตต์เกษม / Amarin How to,153.0,1,MEB
เปลี่ยนตัวเองเป็นคนกล้าด้วยกฎ 5 วินาที,เมล รอบบินส์/ไอริสา ชั้นศิริ / Amarin How to,178.0,1,MEB
จงคบค้ากับความร่ำรวย,คิมซึงโฮ/วิทิยา จันทร์พันธ์ / Amarin How to,183.0,1,MEB
คิดใหญ่ ไม่คิดเล็ก (หนังสือเสียง),David J. Schwartz / ซีเอ็ดยูเคชั่น,150.0,1,MEB
พลังสมองของคนทำเรื่องยากได้ ทำเรื่องง่ายเร็ว,ยู ซึซึกิ/กมลวรรณ เพ็ญอร่าม,133.0,1,MEB
Into the Magic Shop เราทุกคนล้วนมีร้านเวทมนตร์อยู่ในใจ (หนังสือเสียง),ดร.เจมส์ อาร์. โดตี เขียน / นายแพทย์นที สาครยุทธเดช แปล,191.0,1,MEB
"วิธีรอดพ้นจาก ""คนเป็นพิษ""",โธมัส เอริคสัน/ประเวศ หงส์จรรยา,165.0,1,MEB
อย่ายอม,เกลนน็อน ดอยล์/K.D. / Amarin How to,211.0,1,MEB
สร้างคอนเน็กชั่นแกร่ง ด้วยจุดแข็งของมนุษย์อินโทรเวิร์ด,Mentalist DaiGo/หนึ่งฤทัย ปราดเปรียว,168.0,1,MEB
แด่คุณ...ที่อยากให้ทุกอย่างเพอร์เฟกต์,อีดงกวี ซนฮาริม และคิมซอยอง/นภาศรี สุวรรณโชติ,152.0,1,MEB
"“เลือกถูก” ไม่มี มีแต่ “คิดดีแล้ว""",Mentalist DaiGo/ธนัญ พลเสน,178.0,1,MEB
รางวัลใหญ่เป็นของคนที่รู้จักเล่นเกมยาว,ดอรี่ คลาร์ก/สุวิชชา จันทร / Amarin How to,178.0,1,MEB
อะไรไม่จำเป็นก็ทิ้งไป (ฉบับเปลี่ยนปก),ซะซะกิ ฟุมิโอะ/นพัฒน์ หัทยานนท์,178.0,1,MEB
พลังภายในคำพูด,ชินโดฮยอน & ยุนนารู/สิริกร สังขพันธ์,146.0,1,MEB
อะไรทำให้ชีวิตเราดีกว่าเมื่อวาน,คิมจงวอน/อาสยา อภิชนางกูร,165.0,1,MEB
คัมภีร์นักเขียนนิยาย ฉบับ NC,นิวไม่จิ๋ว / NewMaiJew,219.0,1,MEB
เมื่อทำงานสบายใจ ใครก็ปล่อยพลังได้เต็มที่,มัตซึมุระ อาริ/กมลวรรณ เพ็ญอร่าม,176.0,1,MEB
My introvert story แค่คนเก็บตัว,ชินมินย็อง / จารุพรรณ์ สีดาฐิติวัฒน์ แปล,191.0,1,MEB
ไม่ต้องเลิกขี้อาย ก็ได้สิ่งที่ต้องการ,โกะโด โทคิโอะ/อาคิรา รัตนาภิรัต,150.0,1,MEB
วิธีพูดให้คนชอบคุณใน 1 นาที,เฌอมาณย์ รัตนพงศ์ตระกูล / Amarin How to,133.0,1,MEB
ทำธุรกิจแบบผู้ชนะในทุกสถานการณ์,"พงศธร ธนบดีภัทร (นพ พงศธร), ศาสตรา รัตตโนภาส, ดร.อนิรุธ สืบสิงห์,พชร ยงจิระนนท์",185.0,1,MEB
คู่มือลดน้ำหนัก 96 กิโล,ชลันตี / ชลันตี,299.0,1,MEB
กฎพื้นฐานพลังงาน,RIN / Kaguya,380.0,1,MEB
นิสัยคนเก่งระดับท็อป 5% ที่ AI ค้นพบ,ชินจิ โคชิคาวะ/อาคิรา รัตนาภิรัต,146.0,1,MEB
อยู่อย่าง “หมดไฟ” ไม่ต่างอะไรกับ “ตายแล้ว”,สุระ นวลประดิษฐ์,105.0,1,MEB
ที่นี่ไม่ต้อนรับคนเฮงซวย,Robert I. Sutton/ วิกันดา จันทร์ทองสุข,171.0,1,MEB
คนฉลาด เจรจาเป็น,ฮิโรตสึกุ คิยามะ (Hirotsugu Kiyama),169.0,1,MEB
พูดดี พูดยังไง ให้ได้ใจคนทุกสถานการณ์ (หนังสือเสียง),Takashi Saito (ทากาชิ ไซโต),245.0,1,MEB
Presentation Canvas เปลี่ยนการขายเป็นการเล่าเรื่องให้โดนใจ,สิทธิพงศ์ ศิริมาศเกษม / Amarin How to,153.0,1,MEB
Data Decision Making ตัดสินใจไม่พลาด มองเฉียบขาดด้วยดาต้า,ปฐมภัทร คำตา / Short cut,220.0,1,MEB
ครองใจคนได้ง่ายนิดเดียว : The Rules of People,Richard Templar (ริชาร์ด เทมพลาร์),219.0,1,MEB
สุมาอี้ พลังเครือข่ายสู่ชัยชนะ,ยศไกร ส.ตันสกุล / ยิปซีสำนักพิมพ์,67.0,1,MEB
ความลับของคนที่ขายอะไรก็สำเร็จ Selling Secret (หนังสือเสียง),เฌอมาณย์ รัตนพงศ์ตระกูล / Amarin How to,159.0,1,MEB
ความฉลาดทางเวลา,"""แอชลีย์ วิลแลนส์/ศรรวริศา เมฆไพบูลย์ """,211.0,1,MEB
มองโลกเป็นต้องเห็นตัวเองก่อน,Mentalist DaiGo/รัตนาภรณ์ วานิชย์หานนท์,152.0,1,MEB
คัมภีร์นักเขียนนิยาย,นิวไม่จิ๋ว / NewMaiJew,149.0,1,MEB
เจรจาขั้นเทพด้วยวาทะในสามก๊ก,เปี่ยมศักดิ์ คุณากรประทีป / ยิปซีสำนักพิมพ์,54.0,1,MEB
ปรับบุคลิก คลิกใจคนใน 1 วินาที,Sato Ayako (ซาโต อายาโกะ),189.0,1,MEB
ชีวิตดีเมื่อมีของน้อย,James Wallman / สำนักพิมพ์บิงโก Bingo,219.0,1,MEB
ยินดีที่รู้จักฉัน PLEASED TO MEET ME,Bill Sullivan/K.D. / Amarin How to,178.0,1,MEB
The Frame ชนะตั้งแต่ความคิด,ชเวอินช็อล / Amarin How to,176.0,1,MEB
ว่าด้วยความโมโห How to Keep Your Cool,"""เซเนกา/ผู้แปล: กิตติศักดิ์ โถวสมบัติ""",128.0,1,MEB
อยากตายแต่ก็อยากกินต๊อกบกกี เล่ม 1,แบ็กเซฮี 백세희 / B2S,179.0,1,MEB
THINK AND GROW RICH (OHMPIANG EDITION) ฉบับแปลไทย,Napoleon Hill / OHMPIANG MARKETING,900.0,1,MEB
นั่งสมาธิแบบอัลฟ่า (Alpha Meditation),ครูซอนย่าร์ ครูพลังจิต / ครูซอนย่าร์ ครูพลังจิต,399.0,1,MEB
Principles: Life and Work ภาคภาษาไทย,Ray Dalio / INVESTING.in.th,622.0,1,MEB
The Power Of Your Sub conscious Mind : พลังจิตใต้สำนึก,Dr. Joseph Murphy / OHMPIANG MARKETING,650.0,1,MEB
เพลงกระบี่ สีจิ้นผิง,People / ซีเอ็ดยูเคชั่น,335.0,1,MEB
THE LAW OF SUCCESS ปรัชญาชีวิตศาสตร์แห่งความสำเร็จ (หนังสือเสียง),Napoleon Hill's / ปสงค์,1050.0,1,MEB
คู่มือพัฒนาภาวะผู้นำ,"Annie McKee,Richard Boyatzis, Frances Johnston",270.0,1,MEB
THE SUPER POWER OF WISDOM พลังมหาปัญญา,ดร.พรรณทิพา ชเนศร์ / สำนักพิมพ์ไรเตอร์โซล Writer Soul Publisher.,329.0,1,MEB
The Only One ค้นหาตัวตนที่ “ใช่” เป็นหนึ่งเดียวในจักรวาล (หนังสือเสียง),Mr.Beever / TeacherBeever/BeeOrderband,1612.0,1,MEB
The sTORIES OF PLYDOWN (โลกของปลายดาว) 29 ข้อคิดปลดล็อคชีวิตให้มีพลัง,ปลายดาว / ply down,289.0,1,MEB
เฮ้อ...หายตัวไปเลยได้มั้ย,นีน่า คิม / จารุพรรณ์ สีดาฐิติวัฒน์ แปล,250.0,1,MEB
Productivity flow ภาวะลื่่นไหล ทำอะไรก็ง่ายหมด,สิทธินันท์  พลวิสุุทธิ์ศักดิ์ (แบงค์),349.0,1,MEB
ชีวิตฉันจะโคตรดี หากรู้อย่างนี้ ตั้งแต่แรก,พันเอก ดร.อรรถสิทธิ์ หัสถีธรรม,249.0,1,MEB
พลังแห่งการรักตัวเอง,Louise Hay / ณัชชา บัวกลิ่น ผู้แปล,242.0,1,MEB
Writing in English Style,"Piyanoot Rattananukool, Jo-Anne Swart",299.0,1,MEB
คนมีญาณ,มณฑานี ตันติสุข / Nanmeebooks,250.0,1,MEB
พูดเก่ง พรีเซนต์ปัง ดังอย่าง Ted Talks,ฝ่ายวิชาการสำนักพิมพ์บิสคิต,200.0,1,MEB
ที่...หัวมุมถนน,รวิศ หาญอุตสาหะ / ซีเอ็ดยูเคชั่น,259.0,1,MEB
เคล็ดวิชาเพื่อพัฒนาทักษะชีวิต (Life Alignmentor),ดร.วสิษฐ์ พรหมบุตร (Life Alignmentor By Dr.Wasit Prombutr),250.0,1,MEB
คุณได้ยินฉันไหม,Greta Thunberg / Amarin How to,243.0,1,MEB
ใครในใจ ผู้เฝ้ารอคอย จนได้เจอกัน,วรินทรธร์ ตรีชยาบุลาวัชร / Rainrainbow,250.0,1,MEB
อวยตัวเองยังไงไม่ให้ดูน่าเกลียด,Meredith Fineman / ณัชชา บัวกลิ่น แปล,293.0,1,MEB
Heart Thoughts ให้หัวใจนำทาง,Louise Hay / ณัชชา แปล / Nanmeebooks,242.0,1,MEB
จ้างให้ก็ไม่โกรธ,Shunsuke Ando / อังคณา รัตนจันทร์ แปล,106.0,1,MEB
ฉันหมด Passion หรือแค่ยังหามันไม่เจอ,"Brad Stulberg,Steve Magness",239.0,1,MEB
อิคิไก The Little Book of Ikigai (หนังสือเสียง),Ken Mogi (เคน โมงิ) เขียน / วุฒิชัย กฤษณะประกรกิจ แปล,239.0,1,MEB
"จับให้ได้ว่าใคร ""มั่ว""",จอห์น วี. เพโทรเซลลี/จินดารัตน์ ธรรมรงวุทย์,228.0,1,MEB
Life on the Rock,ว.แหวน / Greenbooks,104.0,1,MEB
ไดโกะ สุดยอดนักจัดระเบียบ เสกชีวิตใหม่ให้คุณ (หนังสือเสียง),Mentalist DaiGo (ไดโกะ) / ซีเอ็ดยูเคชั่น,220.0,1,MEB
วิถีผู้ชนะฉบับคนเก่งแบบเป็ด,Pat Flynn / สำนักพิมพ์บิงโก Bingo,219.0,1,MEB
ครีมชั้นบน,พลอย เซ่ / สำนักพิมพ์ DOT,219.0,1,MEB
ใช้ข้อจำกัด สร้างชีวิตไร้ขีดจำกัด : Stretch,Scott Sonenshein / สำนักพิมพ์บิงโก Bingo,219.0,1,MEB
ใจดีกับตัวเองบ้างก็ได้,หมอจริง / สำนักพิมพ์ DOT,219.0,1,MEB
ศาสตร์สู่ความยิ่งใหญ่,วอลเลซ ดี. วัตเทิลส์ : เขียน ศุภิกา กุญชร ฯ และ แพมมาล่า ศรีเพียร :  แปล,216.0,1,MEB
Hyperfocus โฟกัสถูกจุด ปักหมุด @ ผลสำเร็จ,Chris Bailey (คริส เบลีย์) / ซีเอ็ดยูเคชั่น,215.0,1,MEB
วะบิ ซะบิ ความงดงามในความไม่สมบูรณ์แบบ,Nobuo Suzuki / Nation Books,213.0,1,MEB
รู้มากไปทำไม รู้ใจก่อนดีกว่า,ขุนเขา สินธุเสน เขจรบุตร,213.0,1,MEB
ศาสตร์สู่ความร่ำรวย,วอลเลซ ดี. วัตเทิลส์ : เขียน แพมมาล่า ศรีเพียร :  แปล,252.0,1,MEB
Personalized Marketing การตลาดแบบรู้ใจ,ณัฐพล ม่วงทำ / Short cut,176.0,1,MEB
นาโงมิ สุข สงบ สมดุล,เคน โมงิ/เขมลักขณ์ ดีประวัติ,191.0,1,MEB
เหนื่อยชั่วคราว สบายชั่วโคตร,ภัทรพล ศิลปาจารย์ / Stock2morrow,200.0,1,MEB
ต้นกลั่นความรัก,วรินทร์ธร ตรีชยาบุลาวัชร / Rainrainbow,230.0,1,MEB
อิคิไก The Little Book of Ikigai,Ken Mogi (เคน โมงิ) / ซีเอ็ดยูเคชั่น,239.0,1,MEB
คิดแบบคนธรรมดาไปทำไม คิดแบบคนที่สำเร็จง่ายกว่า (หนังสือเสียง),กองบรรณาธิการนิตยสาร Secret,177.0,1,MEB
ไม่ใช่ก็ก้าวออกมา,จีซู / ชุลีวรรณ ไหลเจริญ / สำนักพิมพ์ Bloom,208.0,1,MEB
SUPER COACHING,Suzuki Yoshiyuki / วิธารณี จงสถิตย์วัฒนา ผู้แปล,208.0,1,MEB
ปล่อยวาง : ใครละ...บอกว่าคุณทำไม่ได้ Empty - Empty Space in Your Mind – The Five Dimensions - Who said...You Can't Do It?.,ดร.ภาณุ ลิมมานนท์ / บริษัท ภาริณาส จำกัด,300.0,1,MEB
SET ชุดการตลาดสร้างตำนาน,Elmer Wheeler / R.UPDEGRAFF / Claude C. Hopkins,900.0,1,MEB
ล้านแรกจากสอนพิเศษ เคล็ดลับติวเตอร์เงินล้าน,รุ่งโรจน์ ณ ไทรทิม / บริษัท ออลเดย์ ช็อปปิ้ง จำกัด,156.0,1,MEB
3 Simple Tips to Solve Your Everyday Problems,Prapatchon Schmidt / Infinity & Beyond,89.0,1,MEB
How to ทำอย่างไรถึงจะได้สาวคนนั้นมาเป็นแฟน,Kobchai Cer / rave wild,149.0,1,MEB
สุข-สำเร็จ แบบไม่มีต้นทุน เพียงรู้สึก “ขอบคุณ” อย่างถูกวิธี,สุระ นวลประดิษฐ์,99.0,1,MEB
สิ่งอัศจรรย์คือฉันเอง : You Are Awesome,Neil Pasricha (นีล พาสริชา),189.0,1,MEB
How To Love รักอย่างไร,วศิน จรัสพิกุลทิพย์ / หัวหอมคุง,180.0,1,MEB
คิดแบบนี้รวยเร็ว (หนังสือเสียง),ดร.ขวัญใจ วงศ์ช่วย / ebook4u,99.0,1,MEB
ฟัง คิด อ่าน เขียน,ฝ่ายวิชาการบิสคิต / Expernet,195.0,1,MEB
จิตวิทยาสังคม : ทฤษฎีและการประยุกต์,สิทธิโชค วรานุสันติกุล / ซีเอ็ดยูเคชั่น,155.0,1,MEB
Only You...to Design the Life You Want ! ออกแบบชีวิต...ในแบบที่คุณต้องการ,โป๊ยเซียน / Bookswin,159.0,1,MEB
เข้าใจปัญหาชีวิต (ด้วยแง่คิดจิตวิทยา),"ดร. สิทธิโชค วรานุสันติกูล, น.พ. สุทธิศักดิ์ คณาปราชญน์",125.0,1,MEB
วาทะเด็ดสอนใจ สร้างคน สร้างธุรกิจ,วิชัย ตระกูลพัฒนกร / บริษัท ออลเดย์ ช็อปปิ้ง จำกัด,77.0,1,MEB
Office ซ่าส์,i-See Wong / BunMeeBooks,79.0,1,MEB
ชีวิต100คิด,มิสหมี,21.0,1,MEB
ชีวิตเอกเขนก,Elisabeth Wilson (เอลิซาเบท วิลสัน),126.0,1,MEB
ปิดประตูใส่หน้าความจน (หนังสือเสียง),"Richard Templar (ริชาร์ด เทมพลาร์) เขียน, สมิทธิ์ เอกโชติ แปล",195.0,1,MEB
พลิกวิธีคิด พลิกชีวิตสู่ความร่ำรวย,ยอดมนู เบ้าสุวรรณ / บริษัท ออลเดย์ ช็อปปิ้ง จำกัด,87.0,1,MEB
ต่างที่คิด พิชิตภาษา,ปราโมทย์ โอภาสมงคลชัย / The Safety Coach,120.0,1,MEB
31 Day นายพีรพงษ์,นาย พีรพงษ์,99.0,1,MEB
101 Mindset เริ่มต้นนับหนึ่ง สู่สถานะเหนือระดับ,จักรภพ อินทรวงศ์ / บริษัท ออลเดย์ ช็อปปิ้ง จำกัด,236.0,1,MEB
Yes! เชื่อว่าคุณทำได้ (หนังสือเสียง),ดร.ขวัญใจ วงศ์ช่วย / ebook4u,99.0,1,MEB
คั่วคนให้ค้นเป้า (หนังสือเสียง),ณรงค์วิทย์ แสนทอง / ซีเอ็ดยูเคชั่น,195.0,1,MEB
พลังแห่งสติ เพื่อปัจจุบันอันเปี่ยมสุข,ใบไม้ : Book life / Book life,69.0,1,MEB
ความลับของคนฟังเก่งและพูดเป็น,Alissa Carpenter / B2S,249.0,1,MEB
โยคะนิทรา ตำราครูโยคะบ้านภายใน เล่มที่ 9,สุวรรณา โชคประจักษ์ชัด / สำนักพิมพ์ บ้านภายใน,549.0,1,MEB
ที่พักใจในความวุ่นวาย (หนังสือเสียง),khwanjai / ebook4u,79.0,1,MEB
เทคนิคการวางตัวในที่ทำงาน : เข้าตานาย ถูกใจเพื่อน,ศาสตราจารย์ ดร.เกรียงศักดิ์ เจริญวงศ์ศักดิ์,122.0,1,MEB
คำคม เปลี่ยนชวิต,DadiiKing,35.0,1,MEB
MIND DIARY เรื่องราว ความทรงจำ ระหว่างทาง,happylifefic / Baby Boy,56.0,1,MEB
โรคแก้ตัวรักษาไม่ยาก (หนังสือเสียง),ขวัญใจ วงศ์ช่วย / ebook4u,119.0,1,MEB
3 วิธีออกจากcomfort zone (หนังสือเสียง),กรนิศ ชุติกาญจน์ณุวงค์ / kc.ebook,59.0,1,MEB
Shake! หัวใจให้คึกคัก เติมรักให้เต็มร้อย,ภานุชนาถ คำโสภา / เพลงสายรุ้ง,119.0,1,MEB
28 หลักคิดอัพเกรดชีวิตคู่,behappynow,109.0,1,MEB
ตื่นจากความฝัน,เกียจคร้าน,59.0,1,MEB
ค้นหาตัวเองเจอเก่งและสำเร็จก่อนใคร (หนังสือเสียง),กรนิศ ชุติกาญจน์ณุวงค์ / kc.ebook,89.0,1,MEB
ผู้นำที่ทรงพลัง,"Annie McKee , Richard Boyatzis",350.0,1,MEB
อารมณ์ดีกับชีวิต,หนุ่มเมืองจันท์ / สำนักพิมพ์มติชน,129.0,1,MEB
จิต 5 ปั้นยอดมนุษย์,Howard Gardner / Expernet,260.0,1,MEB
แง่คิดจากคุณหมอออทิสติก ตอนที่ 3-4 (หนังสือเสียง),ดร.ขวัญใจ วงศ์ช่วย / ebook4u,39.0,1,MEB
เล็กน้อยxสม่ำเสมอ=มหาศาล,เซนเซเล็ก เซนเซแป๊ะ / เซนเซแป๊ะ,199.0,1,MEB
ผู้นำสร้างได้,ศ.ดร.เกรียงศักดิ์ เจริญวงศ์ศักดิ์,160.0,1,MEB
“The Golden Key to the Best Salesman”,NINA POTLAN / NINA POTLAN,165.0,1,MEB
Wedding Planner Book เคล็ดลับจัดงานแต่งแบบไทยให้ราบรื่น,กองบรรณาธิการแพรว Wedding,104.0,1,MEB
ตำราครูโยคะ โยคะฉบับเต็ม ตำราครูโยคะบ้านภายใน เล่ม6,สุวรรณา โชคประจักษ์ชัด / สำนักพิมพ์ บ้านภายใน,849.0,1,MEB
นักสร้างสรรค์ พันธุ์ไฟแรง,Meisanmui,250.0,1,MEB
เลิกเป็นคนดีซะที! (หนังสือเสียง),Kenichiro Mogi (เคนอิจิโร่ โมงิ)/ ไพลิน กลิ่นเกษร,189.0,1,MEB
1000 คำคมที่ทรงพลังที่สุดตลอดกาล,มิตรประทีป,179.0,1,MEB
เรื่องสั้น ๆ ให้ความรู็ ให้แรงบันดาลใจ,น้องทะเล,59.0,1,MEB
ชาร์จพลังจิต ดึงดูดชีวิตสัมฤทธิผล (หนังสือเสียง),ทาสโพธิญาณ / Butterfly Book,125.0,1,MEB
วัยรุ่น GenY พลิกชีวิตจากความคิด วิชาชีวิตก่อนเรียนจบ,CONNEX,248.0,1,MEB
CARE,ทันวา / สำนักพิมพ์ขีดเขียนอะคาเดมี,275.0,1,MEB
รวมเรื่องสั้น ที่หมอไม่ขอเผย,ปัญนรดี,88.0,1,MEB
ข้อมูลสำหรับการแต่งนิยายมาเฟีย,lady Apollo / สุยเปี้ยน,89.0,1,MEB
หนึ่งหัวใจไม่ยอมแพ้,อาทิตย์ เบิกฟ้า / อาทิตย์เบิกฟ้า,85.0,1,MEB
เราเถียงกันทำไม: ไม่เห็นด้วยอย่างไรให้คนเห็นด้วย,Buster Benson / B2S,219.0,1,MEB
Happy Valentine's Day บันทีกรักจากฝั่งสวิต,มาดามวิน,139.0,1,MEB
คำถามเปลี่ยน เปลี่ยนชีวิต (หนังสือเสียง),ภรต ยมจินดา,299.0,1,MEB
เมื่อผู้ศรัทธาได้รับความหอมหวานของอีหม่าน,ต๊อบรอนี หมุดบิลและ / abasia,40.0,1,MEB
กับดักความสุข รุกฆาตความสำเร็จ,นายสุกิจ ศุภกิจเจริญ / sukitthaitalk,129.0,1,MEB
ชีวิตคิดจะรัก...,มิสหมี,20.0,1,MEB
SUPER LEADERSHIP สุดยอดภาวะผู้นำ,ศาสตราจารย์ ดร.เกรียงศักดิ์ เจริญวงศ์ศักดิ์,122.0,1,MEB
คุณพระช่วย...ได้เหรอ (หนังสือเสียง),พี่นิ้วก้อย / Happy2You,54.0,1,MEB
ความลับของสามี (หนังสือเสียง),นันทชัย สำเภาพ่อค้า / Nuntachai S.,299.0,1,MEB
Heartmade,I AM JUST A LIVING THING,89.0,1,MEB
ผู้นำสร้างได้ Becoming a Leader,กฤษณ์ รุยาพร,149.0,1,MEB
ไม่ยอมแพ้,อักษรพลวัต / Ajariya Athisthan,30.0,1,MEB
แค่ไม่ยึดติด ชีวิตก็สุขแล้ว,มาสิตา,35.0,1,MEB
You Know? Ep.2,U.know / Sweetie94,639.0,1,MEB
เดอะแคปชั่น คำปั้นแรงบันดาลใจ (หนังสือเสียง),อภินันท์ สิริรัตนจิตต์ / AP Book and Infopreneur,150.0,1,MEB
คนทำงานต้องรู้,คมสัน วิเศษธร,150.0,1,MEB
เขียนให้เธออยู่,Bluepencil / 1Pencil,249.0,1,MEB
จิตใจและร่างกาย ความสัมพันธ์อันแน่นแฟ้น,ชิ อะ วา เซะ 幸せ / ชอบเลย์รสสาหร่าย,99.0,1,MEB
การคิดเชิงกลยุทธ์,ศาสตราจารย์ ดร.เกรียงศักดิ์ เจริญวงศ์ศักดิ์,145.0,1,MEB
การบริหารจัดการเวลาให้อยู่หมัด เรียนรู้เคล็ดลับความสำเร็จแบบ Brian Tracy เล่ม 6 (หนังสือเสียง),ดร.ขวัญใจ วงศ์ช่วย / ebook4u,99.0,1,MEB
เขียน eBook ให้เสร็จได้ภายใน 1 วัน (หนังสือเสียง),ดร.หลิน / ebook4u,129.0,1,MEB
ผู้นำต้นแบบ The Best Leader,ดำรงค์ พิณคุณ / Pinkoon,179.0,1,MEB
How to Win a Civil Law Suit When You're The Underdog,Prapatchon Schmidt / Infinity & Beyond,89.0,1,MEB
เถ้าแก่ (ข้างถนน) สอนลูกรวย,ศิริวัฒน์ วรเวทวุฒิคุณ / DMG Books,60.0,1,MEB
ผู้ชาย 9 ประเภทที่ไม่ควรเอาเป็นผัว แม้รวย หล่อ และทัศนคติดี (หนังสือเสียง),Mr.Beever / TeacherBeever/BeeOrderband,397.0,1,MEB
SET Dear Nora นอร่าที่รัก,James Allen / OHMPIANG MARKETING,457.0,1,MEB
PROMOTIONจัดอย่างไรให้ขายได้,อาทิตย์ เบิกฟ้า / อาทิตย์เบิกฟ้า,69.0,1,MEB
Questions workers should know,Youchannel / คมสัน วิเศษธร,159.0,1,MEB
Empowering GOALS สร้างเป้าหมายอย่างไร เพิ่มขีดความสามารถ ที่เป็นจุดเริ่มต้นของความสำเร็จ,Michelle / michaelTH,59.0,1,MEB
ตกหลุมรักตัวเองใหม่อีกครั้ง,กรนิศ ชุติกาญจน์ณุวงค์ / kc.ebook,89.0,1,MEB
the gap year ช่วงว่างแห่งการค้นหา (ฉบับปรับปรุง),ฤทธิชัย,89.0,1,MEB
100 เทคนิค พูดฟังง่ายจับใจคน,ศรัยฉัตร กุญชร ณ อยุธยา / Nanmeebooks,208.0,1,MEB
กลยุทธ์การสอนทักษะการคิด (Strategic Teaching Thinking Skills),รศ.ดร. เบญจวรรณ กี่สุขพันธ์,250.0,1,MEB
จงรอคอยความสำเร็จอย่างมีความสุข (หนังสือเสียง),สแกวัลณ์ ศรีชนะ ครูพี่แป้ง / สแกวัลณ์ ศรีชนะ (ครุพี่แป้ง),35.0,1,MEB
4 วิธีหาเงินออนไลน์ได้เงินจริง,ลิลน์ลลิต / ลัลน์ลลิต,40.0,1,MEB
ทักทายกันด้วยรอยยิ้ม,ดนัย จันทร์เจ้าฉาย / DMG Books,60.0,1,MEB
วิธีเพิ่มไหวพริบ,ยุทธพงษ์ บุญพอ / book boonpo,60.0,1,MEB
Don't Worry About Small Things : แล้วชีวิตจะผ่านไปได้ด้วยดี (หนังสือเสียง),Hichori Morimoto (ฮิโจริ โมริโมโตะ),169.0,1,MEB
ความสุข is here เรียกเหมียวๆ เดี๋ยวก็มา,อะคิระ อุเอะนิชิ / โชว์เดียร์ มามุติพงศ์ (ผู้แปล),179.0,1,MEB
เส้นทางนักเขียนไร้เส้น (หนังสือเสียง),ดร.ขวัญใจ วงศ์ช่วย / ebook4u,99.0,1,MEB
ไม่เห็นต้องแข่งกับใคร เพราะยังไงก็เป็นที่ 1,ดนัย จันทร์เจ้าฉาย / DMG Books,60.0,1,MEB
ทำไมเราไม่ฟังกัน: สิ่งสำคัญที่หล่นหายเมื่อเราไม่ตั้งใจฟัง,Kate Murphy / B2S,239.0,1,MEB
ความนับถือตนเอง และ ความมั่นใจ (Self-esteem and confidence),บ่อน้ำ,149.0,1,MEB
ประโยคเปลี่ยนชีวิต (The Reframing),ครูน้ำ(เพียบพร้อม อุดมรัตนานนท์),69.0,1,MEB
Read to Lead อ่านอย่างผู้นำ,ดร.ณัชร สยามวาลา / สำนักพิมพ์อะไรเอ่ย,420.0,1,MEB
White Ocean Strategy,Danai Chanchaochai / DMG Books,150.0,1,MEB
รักษาใจตัวเอง,พัชราพร จินดา / พัชราพร,159.0,1,MEB
Happy Camper,ไชยเดช แก่นแก้ว / ปิสเปส,69.0,1,MEB
ไขความลับกับศาสตร์แห่งความมั่งคั่งร่ำรวย (หนังสือเสียง),วอลเลนซ์ ดี. วัตเทิลส์ / JR Studio Pro7,119.0,1,MEB
อ่อนน้อมถ่อมตน พลังของผู้นำยุคใหม่,"Edger H. Schein (เอ็ดการ์ เอช. ไชน์),Perter A. Schein (ปีเตอร์ เอ. ไชน์)",150.0,1,MEB
พรหมลิขิต,อภิสิทธิ์ สิทธิรักษ์ / สำนักพิมพ์จินตนาการบุ๊ค,149.0,1,MEB
ปรมาจารย์แห่งความสำเร็จ,ชาคริต ไทยาภิรมย์ / กรีนทรี,89.0,1,MEB
กิน นอน ทำงาน วนไป,บรูซ เดสลีย์/ปิยธิดา สุวรรณทวี,243.0,1,MEB
ปลดล็อคด้วย 34 ไอเดีย เพิ่มขีดความสามารถภายในตัวคุณ,ณัฐวัฒน์ แสนคำราง / SuccessLikeABoss,799.0,1,MEB
จิตวิทยาทั่วไป : General Psychology,ผศ.ดร.เติมศักดิ์ คทวณิช / ซีเอ็ดยูเคชั่น,219.0,1,MEB
กระตุกต่อมคิดพิชิตความสำเร็จ (Wake up your brain),พัฒน์ พัฒนะพิชิตชัย (โค้ชพัฒน์),99.0,1,MEB
งามเริ่ด งานรุ่ง,Elisabeth Wilson (เอลิซาเบท วิลสัน),185.0,1,MEB
วิธีทำงานเร็ว,ยุทธพงษ์ บุญพอ / book boonpo,60.0,1,MEB
เรื่องแค่นี้...คุณก็ทำได้,คมสัน วิเศษธร,60.0,1,MEB
จาก 0 สู่ 100 ล้าน คุณทำได้,อ. ชัชชัย ตั้งธรรม / อินส์พัล,169.0,1,MEB
ปัดฝุ่น ความคิด จิต อารมณ์,ณัชธกาภรณ์ / Prim Taka,39.0,1,MEB
วันนี้ไม่ว่างจะทุกข์,ชีวกวี พชรพล สกลชล,150.0,1,MEB
MLM บันไดทองสู่ความสำเร็จ,สมชาติ กิจยรรยง / ซีเอ็ดยูเคชั่น,85.0,1,MEB
ถ้าคุณมีฝันต้องอ่านเล่มนี้,อิมเมจจิน,69.0,1,MEB
เครียดนัก ก็คลายหน่อย,"Dr. Sabina Dosani,Elisabeth Wilson",84.0,1,MEB
ออมเงิน ศาสตร์แห่งการเอาชนะใจตนเอง,เจตน์ เกวิน / เจตน์เกวิน,45.0,1,MEB
คิดต่างอย่างคนสำเร็จ (หนังสือเสียง),กองบรรณาธิการนิตยสาร Secret,104.0,1,MEB
จิตเหนือสำนึก เรียนรู้เคล็ดลับความสำเร็จแบบ Brian Tracy เล่ม 7 (หนังสือเสียง),ดร.ขวัญใจ วงศ์ช่วย / ebook4u,99.0,1,MEB
การ”มองเห็น” คือความสามารถในการรับความรู้สึก (หนังสือเสียง),มงคลทิพย์ รุ่งงามฤกษ์,59.0,1,MEB
A Soft Thinking Framework: Something I think after a cup of Espresso - ดื่มเอสเพรสโซ่ แล้วคิดอะไรได้ฤา,ธนกฤต เลิศเมธาสกุล / BlackBlankBlock,36.0,1,MEB
Self Esteem (หนังสือเสียง),กรนิศ ชุติกาญจน์ณุวงค์ / kc.ebook,89.0,1,MEB
เชอะ! คำวิจารณ์,จิมมี่ นันท์ภัสกรณ์ หล่อยุทธร,159.0,1,MEB
Before & Success เพราะรู้ว่าแพ้ จึงจะชนะ,พนิดา / ยิปซีสำนักพิมพ์,75.0,1,MEB
คิดดีให้เป็น,ธัญญา ผลอนันต์ / ขวัญข้าว'94,80.0,1,MEB
พลังแห่งความคิด เปลี่ยนชีวิตพิชิตทุกความสำเร็จ,ลิม คัมมาร์ / ยิปซีสำนักพิมพ์,84.0,1,MEB
สร้างทีมขายให้เป็น 1,สมชาติ กิจยรรยง / ซีเอ็ดยูเคชั่น,85.0,1,MEB
พี่เกียรตินิยมสอนน้องอ่านเก่ง อ่านเร็ว แบบได้ผลทันใจ,อชิรญา / happybook,79.0,1,MEB
BUSINESS สร้างความเชื่อมั่นให้กับตนเอง,ดร.ชาญชัย อาจินสมาจาร / Skybook,180.0,1,MEB
สมองทองคำ,ขุนเขา สินธุเสน เขจรบุตร,213.0,1,MEB
ชีวิตเป็นของเรา (My life be with me),petry port / petryport,29.0,1,MEB
การคิดเชิงวิพากษ์,ศาสตราจารย์ ดร.เกรียงศักดิ์ เจริญวงศ์ศักดิ์,130.0,1,MEB
9 วิชามาร ประเมินอาการผู้ชายเจ้าชู้ (หนังสือเสียง),Mr.Beever / TeacherBeever/BeeOrderband,397.0,1,MEB
The Selfmade สำเร็จได้ ด้วยตัวเอง,สืบศักดิ์ ลิ่วลักษณ์ / Happy Banana,175.0,1,MEB
SET Pocket wealth Series,"Wallace Wattle,PT. Barnum",950.0,1,MEB
คิดเป็นภาพ,อิมเมจจิน,35.0,1,MEB
กูทำได้,ก.จินดามณี,99.0,1,MEB
คนเงียบ : ผู้สร้างพลังและความสุขจากภายใน (หนังสือเสียง),รองศาสตราจารย์ ดร.ประโยชน์ ส่งกลิ่น,149.0,1,MEB
แน่ใจมาก ว่า...รอคอยวันศุกร์(สุข),มาเล่า / วิฬาร์ ปันฝัน,159.0,1,MEB
ชาแล้นท์ 30 วัน 30 กิโลเมตร,Sammy Siracha / บ้านริมทะเล,170.0,1,MEB
นักฟังชั้นเซียน : ศิลปะการเป็นนักฟังในงานธุรกิจและชีวิตประจำวัน,ศาสตราจารย์ ดร.เกรียงศักดิ์ เจริญวงศ์ศักดิ์,105.0,1,MEB
Boxset : 10 20 30 40 (Dream & Do),ดำรงค์ พิณคุณ / Pinkoon,555.0,1,MEB
แค่ 6 คำ ทำชีวิตเปลี่ยน,อมิตา อริยอัชฌา/ปกป้อง ปีติภาคิน,129.0,1,MEB
เปลี่ยนคำแช่งสาปให้เป็นพร,Ps. Abraham Usantikul / Noellydia,139.0,1,MEB
เปลี่ยนวาสนาด้วยวาจาตนเอง (หนังสือเสียง),วุฒิพงศ์ ถายะพิงศ์ / ซีเอ็ดยูเคชั่น,195.0,1,MEB
รวมข้อคิดให้กำลังใจ,อาทิตย์ เบิกฟ้า / อาทิตย์เบิกฟ้า,50.0,1,MEB
ขัดเกลาความคิด,พระมหาสมชาย ฐานวุฑโฒ / insidebooks,45.0,1,MEB
เพียงเป็นพรแห่งความสำเร็จ,วรกมล / พรหมจรรยมรรค,165.0,1,MEB
สัจธรรมชีวิต,ชิ อะ วา เซะ 幸せ / ชอบเลย์รสสาหร่าย,99.0,1,MEB
ปลดล็อคความคิด พัฒนาชีวิตและการทำงาน,วันเฉลิม วัฒนาวรกิตกุล / บริษัท ออลเดย์ ช็อปปิ้ง จำกัด,87.0,1,MEB
แสนสุข หลังเกษียณ,Janet Butwell (เจเน็ต บัตเวลล์),137.0,1,MEB
เพิ่มพลังความจำแบบอัจฉริยะ !,ลุงไอน์สไตน์ / Expernet,200.0,1,MEB
งานสำรองช่วยฉันไว้เมื่อตกงาน,คุณฤดี / คุณฤดี / ดาวสีส้ม,29.0,1,MEB
เส้นปกติของชีวิต,ศุภวรรณ พิพัฒพรรณวงศ์ กรีน,129.0,1,MEB
"Humanocracy โมเดลการทำงานแบบใหม่ที่หัวใจคือ ""คน""",แกรี่ ฮัมเมล มิเคเล ซานีนี่/สุวิชชา จันทร,249.0,1,MEB
The secret of growing up ความลับของการเติบโต,Coach Eak / Growing your career,289.0,1,MEB
ยุ่งจริง! หรือแค่คิดไปเอง,Jake Knapp and John Zeratsky / นวบุศย์ กิจกอบชัย,249.0,1,MEB
อย่าให้โลกเป็นกรงขังคุณ (The Happiness of Pursuit),Chris Guillebeau / วีเลิร์น (WELEARN),230.0,1,MEB
สร้างความเชื่อมั่นในตัวเอง (หนังสือเสียง),ดร. ขวัญใจ วงศ์ช่วย / ebook4u,259.0,1,MEB
งดงามในชีวิต...ด้วยวิธีคิดบวก,มงคล นิ้วดี / บริษัท ออลเดย์ ช็อปปิ้ง จำกัด,128.0,1,MEB
จงเอ่ยชม! พลังแห่งกรใส่ใจใช้ที่ไหนก็สำเร็จ,David Novak with Christa Bourg / ตวงทอง สรประเสริฐ,209.0,1,MEB
ภาวนาเริ่มต้นที่ กม 0,ประมวล เพ็งจันทร์ / สำนักพิมพ์สุขภาพใจ,200.0,1,MEB
๑๐๐ ข้อคิดจากอิฐ ๑ ก้อน,กอบกาญจน์ สุริยสัตย์ วัฒนวรางกูร,208.0,1,MEB
I am Me ชีวิตนี้คือของเรา,Rishma Studio,20.0,1,MEB
3 วิธีเพื่อชีวิตที่ดีกว่าเดิม (หนังสือเสียง),Thanadda / ebook4u,39.0,1,MEB
ฉลาดทันคนในทุกสถานการณ์,ปรีดา อริยะมิตร / บริษัท ออลเดย์ ช็อปปิ้ง จำกัด,159.0,1,MEB
คิดยังไงให้ไอเดียกระฉูด,ดลชัย บุณยะรัตเวช / Nation Books,180.0,1,MEB
รักดีๆ..ไม่มีเจ็บปวด คู่มือเปิดหัวใจสู่ความสัมพันธ์ If It Hurts it isn't love.,โสภาพรรณ / สำนักพิมพ์แสงจันทรา,119.0,1,MEB
อัจฉริยะรอบด้าน (หนังสือเสียง),ดร. วรโชติ กรัณยโสภณ / Happy Banana,300.0,1,MEB
เราทุกคนล้วนเป็นเป็ด,เกล็ดฝน,69.0,1,MEB
ทำยังไงให้เป็นคนโชคดีได้ตลอดเวลา (หนังสือเสียง),กรนิศ ชุติกาญจน์ณุวงค์ / kc.ebook,89.0,1,MEB
กาลครั้งหนึ่ง....ยินดีที่ได้รู้จักนะ Bipolar,ศศิธร แสนสุข,300.0,1,MEB
เลิกใช้คำว่า แต่ แล้วชีวิตคุณจะสมบุรณ์แบบ,สุพัตรา มะโนนัย / บริษัท ออลเดย์ ช็อปปิ้ง จำกัด,176.0,1,MEB
ประโยคทอง สร้างคนสร้างโอกาส,คนช่างคิด / speedinfo,69.0,1,MEB
ไม่ต้องไฮโซ ก็ลงทุนคอนโดได้,อัญพัชร์ ทรัพย์ยืนยง / Stock2morrow,200.0,1,MEB
มองมุมใหม่ : ชีวิตเป็นสุข,พรสรัญ รุ่งเจริญกิจกุล / Media Associated,69.0,1,MEB
ฝันของฉัน...,มิสหมี,10.0,1,MEB
พุงยุบ โรคหาย Diet for Change,ไรวินท์ รมย์ธีรา / บริษัท ออลเดย์ ช็อปปิ้ง จำกัด,160.0,1,MEB
พลิกชีวิตคิดเชิงบวก,"Napoleon Hill, Jr. Michael J. Ritt",90.0,1,MEB
ก่อนจะเป็นหัวหน้าวิถีโค้ช,นายชัชวาลย์ สัจจรักษ์ / ชัชวาลย์ สัจจรักษ์,159.0,1,MEB
พัฒนาตัวเองให้เป็นคนเก่งและสำเร็จเร็ว (หนังสือเสียง),กรนิศ ชุติกาญจน์ณุวงค์ / kc.ebook,59.0,1,MEB
มาปล่อยปลาดาวกันเถอะ,เรวดี สุขสราญรมย์ (โค้ชพี่น้อย),169.0,1,MEB
ยุคปฏิวัติอุตสาหกรรมครั้งที่ 4 เมื่อหุ่นยนต์ครองโลก การศึกษาคือทางรอดเดียวของมนุษย์,Ph.D.Taeho Yu (แทโฮ รยู) / ซีเอ็ดยูเคชั่น,169.0,1,MEB
เด็กคนนั้นกับความฝันที่ถูกพับไว้,พญ.มนทินี อ่าวสกุล / สำนักพิมพ์ไรเตอร์โซล Writer Soul Publisher.,249.0,1,MEB
A nice way of life เดินชีวิตอย่างใจดี,ต้นกล้า นัยนา / อักขระบันเทิง,69.0,1,MEB
หากหัวใจยังเต้นยังมีหนทางเสมอ (หนังสือเสียง),พีรญา กัณฑบุตร / สำนักพิมพ์ไรเตอร์โซล Writer Soul Publisher,330.0,1,MEB
เทคนิคถนอมใจ คลายเครียด,โสภาพรรณ / สำนักพิมพ์แสงจันทรา,89.0,1,MEB
มองเห็นโอกาสที่คนอื่นมองข้าม มองข้ามอุปสรรคที่คนอื่นมองเห็น,สุริพงษ์ ตันติยานนท์ / Short cut,74.0,1,MEB
Before Success กว่าจะถึงวันนั้น,โป๊ยเซียน / Bookswin,200.0,1,MEB
ข้อคิดชีวิตรัก,ประธานชมรม,120.0,1,MEB
อยากรวย กล้วยมั่กๆ,ณภัทร วิไลสกุลยง / ซีเอ็ดยูเคชั่น,85.0,1,MEB
ตนที่ใช่ สำเร็จรุ่ง,KhunJo The Mirror / Khunjo The Mirror,169.0,1,MEB
หักเหลี่ยมความเครียด,ดร.ศักดิ์ชัย ภู่เจริญ / kruinter.com,69.0,1,MEB
รู้แบบนี้ ผอมไปนานแล้ว,MS.MESSY,69.0,1,MEB
พักผ่อนศาสตร์: ศาสตร์แห่งการพักให้ได้พัก (อย่างแท้จริง),Claudia Hammond / B2S,249.0,1,MEB
เปิดสวิตช์ประดิษฐ์ไอเดีย,โก นาคาซาวะ / Nation Books,213.0,1,MEB
ผู้ชาย ง่ายนิดเดียว,โสภาพรรณ / สำนักพิมพ์แสงจันทรา,120.0,1,MEB
ความสุขที่ปลายจมูก (หนังสือเสียง),กรนิศ ชุติกาญจน์ณุวงค์ / kc.ebook,60.0,1,MEB
คิดสร้างสุข,ณัฏฐินี / ohsohappy,99.0,1,MEB
คมความคิดจากผู้ชนะ,สุรัตนา / ASSET,69.0,1,MEB
30 อาจารย์ สู่ 30 ศาสตราจารย์,คณาจารย์มหาวิทยาลัยเชียงใหม่,650.0,1,MEB
เสียงบ่นคนทำงาน ตอน ดิจิทัลกับงาน,คมสัน วิเศษธร,49.0,1,MEB
การมองเห็นคุณค่าในตัวเอง (หนังสือเสียง),ขวัญใจ วงศ์ช่วย / ebook4u,119.0,1,MEB
Be you Beyond Part 3,Mind Shine / Sweetie94,645.0,1,MEB
การสำรวจตลาดแบบมืออาชีพ,อาทิตย์ เบิกฟ้า / อาทิตย์เบิกฟ้า,49.0,1,MEB
พูดอย่างฉลาด,"ยุดา รักไทย, ปานจิตต์ โกญจนาวรรณ",129.0,1,MEB
เมื่อวานไม่ได้ดี วันนี้ไม่ได้ห่วย,รองเท้าแตะ,179.0,1,MEB
กลยุทธ์ความไว้วางใจ 8 ระดับ (8 Levels of Trust),ปฏิญาณ ประสริฐผล / YourGoal กลยุทธ์ชีวิต,235.0,1,MEB
ก่อนจะมีรักใหม่ในวัย40,Yu Utan,169.0,1,MEB
SET ค้น Mind หาเป้าหมายที่แท้จริงEp.1 -11 (จบ),Sweetie94,2899.0,1,MEB
สำเร็จได้ด้วยเป้าหมาย,ปิยะรัตน์ แก้วมี / ขวัญอักษร,129.0,1,MEB
เล่นหุ้นให้รวยกำไร อย่าใช้ใจนำสมอง,พัคจงซอก/ภัททิรา จิตต์เกษม,176.0,1,MEB
24 ชั่วโมงที่ฉันหายใจ,พระครูปลัดสุวัฒนโพธิคุณ (สมชาย ฐานวุฑฺโฒ),45.0,1,MEB
ถนนสายนี้มีทางลัด (35 ROLE MODELS OF SUCCESS),สาโรจน์ มณีรัตน์ / สำนักพิมพ์มติชน,119.0,1,MEB
101 วิธีทำงานให้สุข สนุก สำเร็จ 10 เท่า!,ธีร์ ฉลาดแพทย์ / happybook,70.0,1,MEB
ฝันให้ไกล ไปให้ถึงดวงจันทร์,พิชชานันท์ มหาโชติ / ซีเอ็ดยูเคชั่น,209.0,1,MEB
The art of unlearning: letting go of limiting beliefs to create a fulfilling life.ศิลปะแห่งการไม่เรียนรู้: ปล่อยวางการจำกัดความเชื่อเพื่อสร้างชีวิตที่เติมเต็ม,Anachak / a grater understanding,100.0,1,MEB
สำเร็จได้จากจิตภายใน (The Inner Achievement),อรรณพ อริยากมลชัย / FreeMind Publishing,149.0,1,MEB
พราง ลวง ลับ...สไตล์สามก๊ก,เปี่ยมศักดิ์ คุณากรประทีป / บริษัท ออลเดย์ ช็อปปิ้ง จำกัด,124.0,1,MEB
ปัญญาอีลอน มัสก์,The School of Wisdom / Good Life,180.0,1,MEB
รู้ก่อนตอนนี้ ดีกว่ารู้งี้ตอนหลัง,ธเนศ ลีลาภรณ์ / Stock2morrow,220.0,1,MEB
อย่ามโน!!! รักแท้มันใหญ่มาก,พระมหาสมชาย ฐานวุฑโฒ / insidebooks,65.0,1,MEB
เทคนิคการเป็นวิทยากรที่ประสบความสำเร็จ,สมชาติ กิจยรรยง / Expernet,150.0,1,MEB
ความรวยเกิดจากตัวคุณ,Diva,220.0,1,MEB
รอให้จบมหาลัย ก็(เกือบ)สายเสียแล้ว Young Dreamers! Have a Vision,ควอนโอยุล / สำนักพิมพ์ปราณ,239.0,1,MEB
Walking changes everything,คมสัน วิเศษธร,69.0,1,MEB
รวยทะลุเป้า,นิภาพันธ์ พูนเสถียรทรัพย์ / บริษัท ออลเดย์ ช็อปปิ้ง จำกัด,196.0,1,MEB
คนแบบไหนอยู่ด้วยแล้วสบายใจ คนแบบไหนอยู่ใกล้แล้วเพลีย,Komiya Noboru / จิตรลดา มีเสมา (ผู้แปล),165.0,1,MEB
สำเร็จได้ ด้วยคำคม,คิดแบบป๋า,62.0,1,MEB
ผิดที่ใคร,ข้างกาย เอรียาสกุล / ข้างกาย,50.0,1,MEB
จงเชื่อมั่นในตัวเอง (กฏข้อที่ 3 The Law of Success) (หนังสือเสียง),ดร. ขวัญใจ วงศ์ช่วย / ebook4u,120.0,1,MEB
กำลังใจดีดีมีไว้แบ่งปัน,ดร.วัชรี ไตรเจริญกุลภักดิ์ (จงแจ่ม),199.0,1,MEB
นวัตกรรมความคิด,ดร. ขวัญใจ วงศ์ช่วย / ebook4u,190.0,1,MEB
Art Of Love เรื่องรักต้องรู้,อาทิตย์ เบิกฟ้า / อาทิตย์เบิกฟ้า,95.0,1,MEB
วิธีสู่ความสำเร็จในชีวิตและหน้าที่การงาน,เชาว์ ทองบุลำดวน / บริษัท ออลเดย์ ช็อปปิ้ง จำกัด,108.0,1,MEB
ปลดปล่อยจินตนาการ เพิ่มพลังความคิดสร้างสรรค์,ชาละวันหรรษา / สุภาวดี,88.0,1,MEB
Slow Life,ภาสกร นิรันดร์ และภัทรธิดา ชัยเพ็ชร,89.0,1,MEB
ซามูไรสอนลูก,สุวินัย ภรณวลัย / dragonbooks,200.0,1,MEB
Be you Beyond Part 2,Mind Shine / Sweetie94,654.0,1,MEB
สัมภาษณ์งานอย่างไรให้ได้งาน (หนังสือเสียง),Liyah U,79.0,1,MEB
วาทะ คำคม เพื่อชีวิตก้าวพ้นอุปสรรค,ศิลป์ คมคำ / บริษัท ออลเดย์ ช็อปปิ้ง จำกัด,95.0,1,MEB
โทษที ไม่ว่างเปลี่ยนตัวเองเพื่อใคร,อีจินอี / พรพิสุทธิ์ มั่นคง แปล,293.0,1,MEB
ความลับของคนที่ขายอะไรก็สำเร็จ,เกรซ เฌอมาณย์ รัตนพงศ์ตระกูล,134.0,1,MEB
คิดแล้วทำ...โอกาสรวยคงไม่หนีคุณไปไหน,ภูสยาม อินทรักษานนท์ / ยิปซีสำนักพิมพ์,54.0,1,MEB
รวยเป็นเศรษฐีได้ด้วยพลังความคิด,พันโทอานันท์ ชินบุตร / บริษัท ออลเดย์ ช็อปปิ้ง จำกัด,97.0,1,MEB
อกไม่หัก แค่รักให้เป็น,น้องพริ้ง / วิรงรอง,31.0,1,MEB
มุมมองแห่งชีวิต : Life in different view เล่ม 2,มณีนพรัตน์ / ชมออน,59.0,1,MEB
เมื่อเจอตัวฉันอีกครั้งหนึ่ง,ณัฏฐวัฒน์ วงศ์ญาโนทัย / ยัวร์ ไลฟ์ พาร์ทเนอร์ส,149.0,1,MEB
9 สิ่งควรรู้ สำหรับคนประสบความสำเร็จในชีวิตควรมี,Jack PK / JACK PK,127.0,1,MEB
สองแพร่งความคิด : มันอยู่ที่ใจ,ก.รังสิต,159.0,1,MEB
10 Quotes by Tawa Siriwach (2),ทวา ศิริเวช / Tawadesign,80.0,1,MEB
แค่รู้ อารมณ์ก็ครอบงำเราไม่ได้ (หนังสือเสียง),Know friends / นงนาท,249.0,1,MEB
HOW TO THE LOVE,ชาญวิทย์ เหมะ / theme2048,111.0,1,MEB
กัมบัตเตะ! ล้มเจ็ดครั้ง ลุกแปดครั้ง,โนบูโอะ ซูซูกิ/เขมลักษณ์ ดีประวัติ,168.0,1,MEB
เปลี่ยนความเจ็บ ให้เป็นพลัง,ครูซุป / สุวิทย์ มาราวี,129.0,1,MEB
คิด พูด ทำ รวย,ศุภกิจ รุ่งโรจน์ / ซีเอ็ดยูเคชั่น,70.0,1,MEB
มองมุมใหม่ : ทัศนคติหนุนนำ,พรสรัญ รุ่งเจริญกิจกุล / Media Associated,69.0,1,MEB
รับมือกับความรู้สึกแบบนี้อย่างไรดี,รัชชา / รัชชา รัชชา,79.0,1,MEB
ลูกรวยสอนพ่อ,กางเกงในตรานายพราน / น้ำปลาตราปลาบู่ขี่จรวด,299.0,1,MEB
20000 Hours,โสภณ พิฆเนศวร / Capt.Sopon,349.0,1,MEB
ร็อก-ฐ-ศาสตร์,วิเชียร ฤกษ์ไพศาล / Stock2morrow,220.0,1,MEB
500 TIPS FOR HAPPY LIVING!,กองบรรณาธิการ / happybook,79.0,1,MEB
ดีท็อกซ์ ชีวิต,ThaiBrand,298.0,1,MEB
18 แนวคิดพิชิตหนังสือสัปดาห์ละเล่ม (หนังสือเสียง),Goworksmart / นงนาท,199.0,1,MEB
ไม่เก่ง ไม่มีทุน ก็รวยได้!,อภิชาติ เกรียงไกรวุฒิ / happybook,79.0,1,MEB
คำสอนสุดท้าย,ดร. สตีเฟ่น อาร์. โควีย์ / DMG Books,60.0,1,MEB
แด่เธอที่ร้าย,SnowVibe,59.0,1,MEB
ก้าวทองของนักขายมืออาชีพ,สมชาติ กิจยรรยง / สมชาติไอบีซี,240.0,1,MEB
กำลังใจให้ตัวเอง,เพียงดิน,29.0,1,MEB
ดร.แดน สอนอ่าน,ศ.ดร.เกรียงศักดิ์ เจริญวงศ์ศักดิ์,140.0,1,MEB
ฝันให้ไกล แล้วไปให้ถึง,สมชาติ กิจยรรยง / ซีเอ็ดยูเคชั่น,85.0,1,MEB
ศิลปะการพูดที่จูงใจคน,สมชาติ กิจยรรยง / บริษัท ออลเดย์ ช็อปปิ้ง จำกัด,152.0,1,MEB
เยียวยาจากการถูกปฎิเสธ,Ps. Abraham Usantikul / Noellydia,119.0,1,MEB
ลับหลังนักเขียน,I-See Wong / BunMeeBooks,39.0,1,MEB
มาถ่ายรูปกันเถอะ,ขัณฑสกร,69.0,1,MEB
